Performance Test Run,Run Start Time,Users,Elapsed Time,TPA,TPH,PRT,PRd,MRT,mRT,TEA,TEH,ERT,ERd,,IBM CareerSmart - Home,IBM CareerSmart - Sign In,IBM CareerSmart - Main Page,IBM CareerSmart - Gain Experience,IBM CareerSmart - Track Capabilities,Learning@IBM - Sign In,Learning@IBM - My Enrollments,Learning@IBM - My Completed Learning,ibmservices_transcripts
Prod_Full_Test_01 [10 May 2011 00:00:28 EEST],2011-05-10T00:00:29+0200,1,00:08:11,45,45,7233.7555555555555,4628.934302817223,19672,1813,735,735,616.3510204081631,1578.851717923191,,7185.0,3402.0,6163.6,7953.8,8062.4,6865.0,2175.2,18390.6,4906.2
Prod_Full_Test_01 [10 May 2011 01:00:29 EEST],2011-05-10T01:00:29+0200,1,00:07:57,45,45,6891.133333333333,4406.866669806854,19860,1500,735,735,600.1183673469387,1515.6838816263285,,7355.6,3532.2,7394.4,6713.6,7143.4,5430.6,3112.8,17569.0,3768.6
Prod_Full_Test_01 [10 May 2011 02:00:28 EEST],2011-05-10T02:00:29+0200,1,00:08:01,45,45,6949.8,4953.985666291151,21594,1531,735,735,583.7292517006803,1580.1245053732464,,7193.2,3429.4,6059.2,6785.4,7693.8,5677.6,2303.2,19672.0,3734.4
Prod_Full_Test_01 [10 May 2011 03:00:31 EEST],2011-05-10T03:00:32+0200,1,00:07:57,45,45,7062.25,4426.896477716483,18156,1594,735,735,615.4073569482289,1523.922292780772,,7220.4,3398.0,7303.0,8352.4,6483.6,6134.0,2353.2,17581.2,4152.5
Prod_Full_Test_01 [10 May 2011 04:00:28 EEST],2011-05-10T04:00:28+0200,1,00:07:49,45,45,6823.386363636364,4322.273848259109,18656,1595,735,735,583.9291553133518,1479.884640390025,,7100.4,3348.0,7046.4,6598.4,6562.0,6099.4,2347.4,17615.8,4160.0
Prod_Full_Test_01 [10 May 2011 05:00:29 EEST],2011-05-10T05:00:29+0200,1,00:07:59,45,45,6922.844444444445,4463.749819661183,19328,1735,735,735,587.4911564625851,1502.94934645207,,7204.0,3393.8,6241.8,6791.4,8243.4,6365.2,2203.6,17743.6,4118.8
Prod_Full_Test_01 [10 May 2011 06:00:29 EEST],2011-05-10T06:00:29+0200,1,00:07:59,45,45,7041.068181818182,4645.234624448302,19015,1735,735,735,617.1948228882834,1571.4401290912479,,7142.4,3441.8,5859.2,8172.4,7055.4,5840.2,2406.4,18556.2,4359.25
Prod_Full_Test_01 [10 May 2011 07:00:29 EEST],2011-05-10T07:00:29+0200,1,00:08:23,45,45,7463.111111111111,4846.406064020404,21063,1687,735,735,650.7210884353744,1694.308375619278,,7153.6,3448.0,8547.0,8060.2,6022.0,6621.6,2353.2,19284.4,5678.0
Prod_Full_Test_01 [10 May 2011 08:00:29 EEST],2011-05-10T08:00:29+0200,1,00:08:11,45,45,7061.333333333333,4581.56709990251,18937,1719,735,735,602.1346938775508,1535.4096643627959,,7505.8,3423.2,7289.0,6850.8,8462.0,5815.4,2274.8,17818.6,4112.4
Prod_Full_Test_01 [10 May 2011 09:00:29 EEST],2011-05-10T09:00:29+0200,1,00:09:09,45,45,8482.777777777777,10699.658813355789,72052,1844,735,735,758.4612244897962,3465.729135933433,,7131.6,3454.4,18869.4,7145.2,6630.0,6242.8,3387.6,18852.8,4631.2
Prod_Full_Test_01 [10 May 2011 10:00:29 EEST],2011-05-10T10:00:29+0200,1,00:08:23,45,45,7628.136363636364,5008.8779813582305,20594,1703,735,735,628.9591280653949,1684.715198027142,,7262.0,3528.8,7286.8,7300.6,7887.6,8161.8,2315.6,19309.4,5093.75
Prod_Full_Test_01 [10 May 2011 11:00:29 EEST],2011-05-10T11:00:29+0200,1,00:08:25,45,45,7592.177777777778,5118.659182961211,23375,1500,735,735,651.3183673469384,1765.8023095251365,,7300.4,3426.2,8721.6,6900.8,7093.6,7893.4,3040.4,19731.4,4221.8
Prod_Full_Test_01 [10 May 2011 12:00:32 EEST],2011-05-10T12:00:32+0200,1,00:07:59,45,45,7066.909090909091,4365.839016400482,19062,1703,735,735,598.2438692098095,1492.732176153384,,7403.2,3392.2,7112.6,6657.2,6273.8,6903.2,2853.0,17906.0,4609.5
Prod_Full_Test_01 [10 May 2011 13:00:29 EEST],2011-05-10T13:00:29+0200,1,00:08:23,45,45,7562.886363636364,4677.5762120295385,19563,1921,735,735,637.3855585831066,1651.4045532459556,,7276.2,3520.2,7423.0,7866.4,6290.6,8433.6,2234.2,18756.4,5941.0
Prod_Full_Test_01 [10 May 2011 14:00:29 EEST],2011-05-10T14:00:29+0200,1,00:08:25,45,45,7489.7555555555555,4521.789323806328,20171,1640,735,735,638.4911564625851,1594.0151729251797,,7200.8,3457.0,7440.2,8722.4,7881.8,7024.6,2818.8,17996.6,4865.6
Prod_Full_Test_01 [10 May 2011 15:00:31 EEST],2011-05-10T15:00:31+0200,1,00:08:35,45,45,7711.266666666666,4859.917102734835,23625,2046,735,735,655.1292517006802,1682.204241861443,,7523.2,3483.0,6591.2,7679.8,9249.4,8156.0,3309.4,18981.2,4428.2
Prod_Full_Test_01 [10 May 2011 16:00:28 EEST],2011-05-10T16:00:28+0200,1,00:08:09,45,45,7050.6,4672.46605318667,21140,1579,735,735,624.7074829931972,1596.9765102413778,,7318.2,3489.0,7259.8,7163.6,6730.8,5590.4,2722.2,18868.8,4312.6
Prod_Full_Test_01 [10 May 2011 17:00:29 EEST],2011-05-10T17:00:29+0200,1,00:08:49,45,45,8002.644444444444,6236.864167467041,32907,1484,735,735,667.2108843537412,1906.894159867975,,7257.0,3566.8,7293.2,8435.4,12918.4,6659.4,2640.2,19353.2,3900.2
Prod_Full_Test_01 [10 May 2011 18:00:29 EEST],2011-05-10T18:00:29+0200,1,00:10:21,45,45,10145.599999999999,7073.964981793195,29046,3200,735,735,808.6625850340138,2454.86339440275,,7700.6,3551.4,7338.0,8355.2,6174.8,16965.6,4722.0,25187.2,11315.6
Prod_Full_Test_01 [10 May 2011 19:00:29 EEST],2011-05-10T19:00:29+0200,1,00:08:35,45,45,7658.0888888888885,5495.16725621135,28438,1578,735,735,652.7496598639457,1794.6151519229588,,7333.6,3498.4,7819.8,6947.4,10911.8,7299.2,2012.4,17987.4,5112.8
Prod_Full_Test_01 [10 May 2011 20:00:30 EEST],2011-05-10T20:00:30+0200,1,00:08:11,45,45,7231.7333333333345,4485.5817976753415,19297,1484,735,735,629.2789115646257,1540.5360623601307,,7159.2,3364.2,7424.4,8184.8,7887.6,7093.4,1959.4,17653.4,4359.2
Prod_Full_Test_01 [10 May 2011 21:00:30 EEST],2011-05-10T21:00:30+0200,1,00:08:09,45,45,7161.711111111111,4579.600164277059,21172,1579,735,735,620.940136054422,1569.9125417621192,,7667.8,3510.8,7413.4,6964.2,6612.0,7143.4,2806.4,18415.4,3922.0
Prod_Full_Test_01 [10 May 2011 22:00:29 EEST],2011-05-10T22:00:29+0200,1,00:08:07,45,45,7048.6,4712.487387974443,18890,1469,735,735,598.0707482993197,1581.0171993478234,,7408.0,3554.4,5791.0,6528.6,9336.8,5946.6,2412.8,18415.6,4043.6
Prod_Full_Test_01 [10 May 2011 23:00:28 EEST],2011-05-10T23:00:29+0200,1,00:08:21,45,45,7434.377777777778,5734.271057299773,30263,1547,735,735,630.0707482993195,1756.9775312725485,,7810.0,3414.6,12794.8,6729.4,6042.6,5740.0,2075.0,17959.2,4343.8
